{
"model":"A_20",
"shock":"High Initial Infections",
"data":{
"Consumption":[0,
0,
0,
0,
0,
0,
0,
0,
0,
0,
0,
0,
0,
0,
0,
0,
0,
0,
0,
0,
0,
0,
0,
0,
0,
0,
0,
0,
0,
0,
0,
0,
0,
0,
0,
0,
0,
0,
0,
0,
0,
0,
0,
0,
0,
0,
0,
0,
0,
0,
0,
0,
0,
0,
0,
0,
0,
0,
0,
0,
0,
0,
0,
0,
0,
null,
null,
null,
null,
null,
null,
null,
null,
null,
null,
null,
null,
null,
null,
null,
null,
null,
null,
null,
null,
null,
null,
null,
null,
null,
null,
null,
null,
null,
null,
null,
null,
null,
null,
null,
null],
"Labour":[0,
0,
0,
0,
0,
0,
0,
0,
0,
0,
0,
0,
0,
0,
0,
0,
0,
0,
0,
0,
0,
0,
0,
0,
0,
0,
0,
0,
0,
0,
0,
0,
0,
0,
0,
0,
0,
0,
0,
0,
0,
0,
0,
0,
0,
0,
0,
0,
0,
0,
0,
0,
0,
0,
0,
0,
0,
0,
0,
0,
0,
0,
0,
0,
0,
null,
null,
null,
null,
null,
null,
null,
null,
null,
null,
null,
null,
null,
null,
null,
null,
null,
null,
null,
null,
null,
null,
null,
null,
null,
null,
null,
null,
null,
null,
null,
null,
null,
null,
null,
null],
"Output":[0,
0,
0,
0,
0,
0,
0,
0,
0,
0,
0,
0,
0,
0,
0,
0,
0,
0,
0,
0,
0,
0,
0,
0,
0,
0,
0,
0,
0,
0,
0,
0,
0,
0,
0,
0,
0,
0,
0,
0,
0,
0,
0,
0,
0,
0,
0,
0,
0,
0,
0,
0,
0,
0,
0,
0,
0,
0,
0,
0,
0,
0,
0,
0,
0,
null,
null,
null,
null,
null,
null,
null,
null,
null,
null,
null,
null,
null,
null,
null,
null,
null,
null,
null,
null,
null,
null,
null,
null,
null,
null,
null,
null,
null,
null,
null,
null,
null,
null,
null,
null],
"Susceptibles":[0.98999996425529191,
0.98999511823764685,
0.98993838268471956,
0.98977473337614708,
0.98941847772018765,
0.98863280834178091,
0.98717485859303689,
0.984439695486398,
0.98108743733162285,
0.977152371702333,
0.97036298314109826,
0.96056719192602635,
0.94829775161573593,
0.93304447051716843,
0.91424659862624058,
0.89132633489669411,
0.86374108621950174,
0.83105868797527738,
0.7930532460017129,
0.74980990742720766,
0.70181561467330955,
0.65000426586069338,
0.59572578613703142,
0.54062499811406828,
0.48644583901350769,
0.43480684822152005,
0.38700768730781249,
0.34391436271042658,
0.30593950842275447,
0.27310143535580311,
0.23354376345642355,
0.19717598468725464,
0.17112756471049737,
0.15278340308589441,
0.14055641141118377,
0.13170513485031066,
0.12516335188173902,
0.12031137994781069,
0.11670087801505914,
0.11400650883605398,
0.11152958926120052,
0.10954635272964643,
0.10827783042622065,
0.10745128074360413,
0.10691194017942592,
0.10655967223399106,
0.10632944387816967,
0.10617891273283862,
0.10608046322019016,
0.10601606418728085,
0.1059654385059893,
0.10593182044498224,
0.10591570416712646,
0.10590705143783111,
0.10590187948669753,
0.10589878804643013,
0.10589694018081075,
0.10589583564003875,
0.10589516752947474,
0.10589464899735013,
0.10589439419980995,
0.10589428976835946,
0.10589424167101782,
0.10589421781438388,
0.10589420655042071,
null,
null,
null,
null,
null,
null,
null,
null,
null,
null,
null,
null,
null,
null,
null,
null,
null,
null,
null,
null,
null,
null,
null,
null,
null,
null,
null,
null,
null,
null,
null,
null,
null,
null,
null,
null],
"Infected":[0.0025001355222989408,
0.0025182850059442914,
0.0027172306016699957,
0.0031935983911202484,
0.0039635191722219463,
0.0050886619766914104,
0.0063984881839491952,
0.0080518023287429758,
0.0096015089242247418,
0.01122031994783333,
0.013869354526646085,
0.017616747757465773,
0.022274333345581127,
0.028035366430319033,
0.035094590007504152,
0.043637511957857575,
0.05381526870004965,
0.065707018991707875,
0.079271910971210932,
0.0942966723775699,
0.11035090339840478,
0.12676773808218936,
0.14266870953661331,
0.15704427825305081,
0.16888462468693163,
0.17733432262200846,
0.18183010213023004,
0.18218265562468439,
0.17858215331832947,
0.17153332655087231,
0.15610076020620939,
0.13330090950255349,
0.10940276317552804,
0.087353745015580547,
0.069555389820807584,
0.054783407361084592,
0.042694411125576752,
0.033008250687893009,
0.025366363051888753,
0.019405457787377921,
0.013714732665249174,
0.0090178230301885248,
0.00594060884682795,
0.0039043748845419119,
0.0025621987538477081,
0.0016797440070500356,
0.0011005036942854302,
0.00072070167195175912,
0.00047184454107251016,
0.0003088612503896861,
0.00018062392635249749,
9.5417387289629862E-5,
5.455427628800025E-5,
3.2610924840401041E-5,
1.9493476572212332E-5,
1.1652272293792312E-5,
6.9651270667987277E-6,
4.1633768795357156E-6,
2.4686418768172257E-6,
1.1533170845718336E-6,
5.0698609081561853E-7,
2.4207978896438426E-7,
1.2007339851280712E-7,
5.9557302961063519E-8,
3.098448587903061E-8,
null,
null,
null,
null,
null,
null,
null,
null,
null,
null,
null,
null,
null,
null,
null,
null,
null,
null,
null,
null,
null,
null,
null,
null,
null,
null,
null,
null,
null,
null,
null,
null,
null,
null,
null,
null],
"Recovered":[1.4442306943068682E-8,
1.9724408201356691E-6,
2.4896825054316994E-5,
9.1028358182838827E-5,
0.00023503173788792491,
0.00055279827654490976,
0.001143194143001362,
0.0022530785895441422,
0.003617567501031402,
0.0052252447140912466,
0.0080152079932421221,
0.012074524924619873,
0.017217954354662463,
0.023706205347054716,
0.03185026352388582,
0.042010750997195367,
0.054592559743984193,
0.070031338394813028,
0.088768814340533922,
0.1112149191301752,
0.13769700957464356,
0.16840037564826282,
0.20330909719205614,
0.24216044898409064,
0.2844270131288178,
0.32933652826194393,
0.3759305402058451,
0.42315217869207927,
0.4699453993143009,
0.51534614100873888,
0.57827544250846585,
0.64583782969297909,
0.70238386575066947,
0.74762709444903741,
0.78092529018874668,
0.80690961741839851,
0.82726681335012342,
0.84306824254541424,
0.85524789664980794,
0.86458651600645531,
0.87337465332910524,
0.88054616819069387,
0.8852032379396152,
0.8882675786985802,
0.89028004090281831,
0.89160003934257526,
0.89246513217781509,
0.89303178741826894,
0.89340282902834189,
0.893645728494305,
0.89383678498747687,
0.89396370447843332,
0.89402456381622242,
0.89405724283252475,
0.89407677719426359,
0.89408845397110681,
0.8940954337690753,
0.89409960592376969,
0.89410212958301882,
0.89410408824969079,
0.89410505070737667,
0.89410544518149493,
0.8941056268621177,
0.89410571697707,
0.894105759525054,
null,
null,
null,
null,
null,
null,
null,
null,
null,
null,
null,
null,
null,
null,
null,
null,
null,
null,
null,
null,
null,
null,
null,
null,
null,
null,
null,
null,
null,
null,
null,
null,
null,
null,
null,
null],
"Deaths":[1.4442306943068682E-8,
1.9724408201356691E-6,
2.4896825054316994E-5,
9.1028358182838827E-5,
0.00023503173788792491,
0.00055279827654490976,
0.001143194143001362,
0.0022530785895441422,
0.003617567501031402,
0.0052252447140912466,
0.0080152079932421221,
0.012074524924619873,
0.017217954354662463,
0.023706205347054716,
0.03185026352388582,
0.042010750997195367,
0.054592559743984193,
0.070031338394813028,
0.088768814340533922,
0.1112149191301752,
0.13769700957464356,
0.16840037564826282,
0.20330909719205614,
0.24216044898409064,
0.2844270131288178,
0.32933652826194393,
0.3759305402058451,
0.42315217869207927,
0.4699453993143009,
0.51534614100873888,
0.57827544250846585,
0.64583782969297909,
0.70238386575066947,
0.74762709444903741,
0.78092529018874668,
0.80690961741839851,
0.82726681335012342,
0.84306824254541424,
0.85524789664980794,
0.86458651600645531,
0.87337465332910524,
0.88054616819069387,
0.8852032379396152,
0.8882675786985802,
0.89028004090281831,
0.89160003934257526,
0.89246513217781509,
0.89303178741826894,
0.89340282902834189,
0.893645728494305,
0.89383678498747687,
0.89396370447843332,
0.89402456381622242,
0.89405724283252475,
0.89407677719426359,
0.89408845397110681,
0.8940954337690753,
0.89409960592376969,
0.89410212958301882,
0.89410408824969079,
0.89410505070737667,
0.89410544518149493,
0.8941056268621177,
0.89410571697707,
0.894105759525054,
null,
null,
null,
null,
null,
null,
null,
null,
null,
null,
null,
null,
null,
null,
null,
null,
null,
null,
null,
null,
null,
null,
null,
null,
null,
null,
null,
null,
null,
null,
null,
null,
null,
null,
null,
null]}}