{
"model":"A_20",
"shock":"Model-specific Initial Infections",
"data":{
"Consumption":[0,
0,
0,
0,
0,
0,
0,
0,
0,
0,
0,
0,
0,
0,
0,
0,
0,
0,
0,
0,
0,
0,
0,
0,
0,
0,
0,
0,
0,
0,
0,
0,
0,
0,
0,
0,
0,
0,
0,
0,
0,
0,
0,
0,
0,
0,
0,
0,
0,
0,
0,
0,
0,
0,
0,
0,
0,
0,
0,
0,
0,
0,
0,
0,
0,
0,
null,
null,
null,
null,
null,
null,
null,
null,
null,
null,
null,
null,
null,
null,
null,
null,
null,
null,
null,
null,
null,
null,
null,
null,
null,
null,
null,
null,
null,
null,
null,
null,
null,
null,
null],
"Labour":[0,
0,
0,
0,
0,
0,
0,
0,
0,
0,
0,
0,
0,
0,
0,
0,
0,
0,
0,
0,
0,
0,
0,
0,
0,
0,
0,
0,
0,
0,
0,
0,
0,
0,
0,
0,
0,
0,
0,
0,
0,
0,
0,
0,
0,
0,
0,
0,
0,
0,
0,
0,
0,
0,
0,
0,
0,
0,
0,
0,
0,
0,
0,
0,
0,
0,
null,
null,
null,
null,
null,
null,
null,
null,
null,
null,
null,
null,
null,
null,
null,
null,
null,
null,
null,
null,
null,
null,
null,
null,
null,
null,
null,
null,
null,
null,
null,
null,
null,
null,
null],
"Output":[0,
0,
0,
0,
0,
0,
0,
0,
0,
0,
0,
0,
0,
0,
0,
0,
0,
0,
0,
0,
0,
0,
0,
0,
0,
0,
0,
0,
0,
0,
0,
0,
0,
0,
0,
0,
0,
0,
0,
0,
0,
0,
0,
0,
0,
0,
0,
0,
0,
0,
0,
0,
0,
0,
0,
0,
0,
0,
0,
0,
0,
0,
0,
0,
0,
0,
null,
null,
null,
null,
null,
null,
null,
null,
null,
null,
null,
null,
null,
null,
null,
null,
null,
null,
null,
null,
null,
null,
null,
null,
null,
null,
null,
null,
null,
null,
null,
null,
null,
null,
null],
"Susceptibles":[0.99999959994614762,
0.99999959806458971,
0.99999958460855287,
0.99999953322041912,
0.99999940230406081,
0.999999153086401,
0.999998624506706,
0.99999778512907189,
0.99999651615440877,
0.999994247158227,
0.99998704712476327,
0.999970070121814,
0.999943500830549,
0.99990537582942529,
0.9998412129954497,
0.99973367802729951,
0.99955347652437665,
0.99925157118316565,
0.99874595398497745,
0.99790762701559232,
0.99664330816685021,
0.99466834999423726,
0.991542691414627,
0.98675277767424974,
0.979997762027123,
0.970821169587302,
0.95810904412557929,
0.94024634739845525,
0.9155329181173355,
0.8820677894090877,
0.83969076788149155,
0.80803491079236989,
0.77758100085913706,
0.72026436864879428,
0.64435102103328357,
0.56316020582594328,
0.48224991913494319,
0.40706254040833523,
0.34325742057384251,
0.29536621124159279,
0.258198452799758,
0.22783466174404338,
0.20336845643669113,
0.1838249025498318,
0.16586038069712941,
0.14998282317086958,
0.13871486815812031,
0.13049008331656073,
0.12446538134816527,
0.12003650578340164,
0.11677026630259839,
0.1143548753558588,
0.11256470683148663,
0.11123556972361093,
0.11005013659488967,
0.10894972914588709,
0.10830536462058669,
0.10794455085357166,
0.10772225942779949,
0.10758384924917795,
0.10749764402150781,
0.10744394401274471,
0.10741048893443643,
0.10738964503201009,
0.10737665786948566,
0.10736951405471803,
null,
null,
null,
null,
null,
null,
null,
null,
null,
null,
null,
null,
null,
null,
null,
null,
null,
null,
null,
null,
null,
null,
null,
null,
null,
null,
null,
null,
null,
null,
null,
null,
null,
null,
null],
"Infected":[1.0020156067207429E-7,
1.0674513432039932E-7,
1.4173197957110444E-7,
2.1453546008431293E-7,
3.0688641122712873E-7,
4.2097667503787355E-7,
6.2860528808784994E-7,
9.5091703331002129E-7,
1.4372808992751261E-6,
2.306820831614167E-6,
5.0660440785008805E-6,
1.1572012979125084E-5,
2.175391324829207E-5,
3.6364085225455958E-5,
6.0952116663270443E-5,
0.00010216007646060359,
0.00017121187933434877,
0.000286893031415997,
0.00048061194646851119,
0.00080175203842615655,
0.0012859576188750971,
0.00204202747685163,
0.0032378783862112613,
0.0050686920359380916,
0.00764686635510185,
0.011142089887278505,
0.015969426492395158,
0.022722430414539887,
0.03200184255967279,
0.04443510087552293,
0.0599297362036434,
0.071298392389536058,
0.082020000361380213,
0.10150424929253547,
0.12564723390522786,
0.14846268857094302,
0.16661404473429617,
0.17720282063921267,
0.17891525729494845,
0.17351441213466537,
0.16350369156990155,
0.15013202809336684,
0.13480454851952625,
0.11876701069336469,
0.10012086025444367,
0.080021378221026826,
0.063075777773586056,
0.04904352025445434,
0.037744246263175053,
0.028826710568874224,
0.021890670536398493,
0.016552889563905486,
0.012476996834301592,
0.0093825002222348262,
0.0065703424849812963,
0.0039190480538504888,
0.0023465463346802294,
0.0014593856564293851,
0.00091044337703711825,
0.00056772858598257039,
0.0003539216039349713,
0.00022059602413664745,
0.00013748050539658457,
8.5675208461820826E-5,
5.3388891937647937E-5,
3.5626625743224367E-5,
null,
null,
null,
null,
null,
null,
null,
null,
null,
null,
null,
null,
null,
null,
null,
null,
null,
null,
null,
null,
null,
null,
null,
null,
null,
null,
null,
null,
null,
null,
null,
null,
null,
null,
null],
"Recovered":[2.1540956640491428E-11,
7.7416444777496027E-10,
6.156581426674692E-9,
2.6711843976342897E-8,
7.9078415753051278E-8,
1.7876555301421599E-7,
3.9019767142552808E-7,
7.2594933750209184E-7,
1.2335406709905422E-6,
2.141143545482672E-6,
5.0211855408572193E-6,
1.181214043616712E-5,
2.2440318504983291E-5,
3.76914980931808E-5,
6.3359954655952923E-5,
0.00010638328513705869,
0.00017849014407304831,
0.00029932604151103673,
0.00050178001433310074,
0.00083768380142634942,
0.0013448148452351546,
0.0021383053968309258,
0.0033974007620482137,
0.0053346670334614788,
0.0080829436553254384,
0.011846992226890344,
0.017121324580449102,
0.024653309212296113,
0.035315538422171576,
0.050225464055779677,
0.069929938240523362,
0.085279877161556938,
0.10066018602760012,
0.13141698601147683,
0.17605341379039269,
0.23002400069980625,
0.29215508327036133,
0.36001096027082047,
0.42812912946733117,
0.48812730613027011,
0.54188735265778665,
0.59188721939515077,
0.63728230121528462,
0.67765446334098933,
0.71887210941260038,
0.75901870006892247,
0.79021141718358989,
0.81463000138344221,
0.83351870269032191,
0.84799979793067881,
0.85902791102625486,
0.86738467335154179,
0.87369369617104653,
0.87844358726048288,
0.88273007923700908,
0.88674828844358644,
0.88912037832626367,
0.89045498938800383,
0.89127949680375462,
0.89179375342312162,
0.89211438548585043,
0.8923142498679677,
0.89243881670221,
0.892516446985578,
0.89256482366610279,
0.8925914366037413,
null,
null,
null,
null,
null,
null,
null,
null,
null,
null,
null,
null,
null,
null,
null,
null,
null,
null,
null,
null,
null,
null,
null,
null,
null,
null,
null,
null,
null,
null,
null,
null,
null,
null,
null],
"Deaths":[2.1540956640491428E-11,
7.7416444777496027E-10,
6.156581426674692E-9,
2.6711843976342897E-8,
7.9078415753051278E-8,
1.7876555301421599E-7,
3.9019767142552808E-7,
7.2594933750209184E-7,
1.2335406709905422E-6,
2.141143545482672E-6,
5.0211855408572193E-6,
1.181214043616712E-5,
2.2440318504983291E-5,
3.76914980931808E-5,
6.3359954655952923E-5,
0.00010638328513705869,
0.00017849014407304831,
0.00029932604151103673,
0.00050178001433310074,
0.00083768380142634942,
0.0013448148452351546,
0.0021383053968309258,
0.0033974007620482137,
0.0053346670334614788,
0.0080829436553254384,
0.011846992226890344,
0.017121324580449102,
0.024653309212296113,
0.035315538422171576,
0.050225464055779677,
0.069929938240523362,
0.085279877161556938,
0.10066018602760012,
0.13141698601147683,
0.17605341379039269,
0.23002400069980625,
0.29215508327036133,
0.36001096027082047,
0.42812912946733117,
0.48812730613027011,
0.54188735265778665,
0.59188721939515077,
0.63728230121528462,
0.67765446334098933,
0.71887210941260038,
0.75901870006892247,
0.79021141718358989,
0.81463000138344221,
0.83351870269032191,
0.84799979793067881,
0.85902791102625486,
0.86738467335154179,
0.87369369617104653,
0.87844358726048288,
0.88273007923700908,
0.88674828844358644,
0.88912037832626367,
0.89045498938800383,
0.89127949680375462,
0.89179375342312162,
0.89211438548585043,
0.8923142498679677,
0.89243881670221,
0.892516446985578,
0.89256482366610279,
0.8925914366037413,
null,
null,
null,
null,
null,
null,
null,
null,
null,
null,
null,
null,
null,
null,
null,
null,
null,
null,
null,
null,
null,
null,
null,
null,
null,
null,
null,
null,
null,
null,
null,
null,
null,
null,
null]}}