{
"model":"A_20",
"shock":"Medium Initial Infections",
"data":{
"Consumption":[0,
0,
0,
0,
0,
0,
0,
0,
0,
0,
0,
0,
0,
0,
0,
0,
0,
0,
0,
0,
0,
0,
0,
0,
0,
0,
0,
0,
0,
0,
0,
0,
0,
0,
0,
0,
0,
0,
0,
0,
0,
0,
0,
0,
0,
0,
0,
0,
0,
0,
0,
0,
0,
0,
0,
0,
0,
0,
0,
0,
0,
0,
0,
0,
0,
0,
null,
null,
null,
null,
null,
null,
null,
null,
null,
null,
null,
null,
null,
null,
null,
null,
null,
null,
null,
null,
null,
null,
null,
null,
null,
null,
null,
null,
null,
null,
null,
null,
null,
null,
null],
"Labour":[0,
0,
0,
0,
0,
0,
0,
0,
0,
0,
0,
0,
0,
0,
0,
0,
0,
0,
0,
0,
0,
0,
0,
0,
0,
0,
0,
0,
0,
0,
0,
0,
0,
0,
0,
0,
0,
0,
0,
0,
0,
0,
0,
0,
0,
0,
0,
0,
0,
0,
0,
0,
0,
0,
0,
0,
0,
0,
0,
0,
0,
0,
0,
0,
0,
0,
null,
null,
null,
null,
null,
null,
null,
null,
null,
null,
null,
null,
null,
null,
null,
null,
null,
null,
null,
null,
null,
null,
null,
null,
null,
null,
null,
null,
null,
null,
null,
null,
null,
null,
null],
"Output":[0,
0,
0,
0,
0,
0,
0,
0,
0,
0,
0,
0,
0,
0,
0,
0,
0,
0,
0,
0,
0,
0,
0,
0,
0,
0,
0,
0,
0,
0,
0,
0,
0,
0,
0,
0,
0,
0,
0,
0,
0,
0,
0,
0,
0,
0,
0,
0,
0,
0,
0,
0,
0,
0,
0,
0,
0,
0,
0,
0,
0,
0,
0,
0,
0,
0,
null,
null,
null,
null,
null,
null,
null,
null,
null,
null,
null,
null,
null,
null,
null,
null,
null,
null,
null,
null,
null,
null,
null,
null,
null,
null,
null,
null,
null,
null,
null,
null,
null,
null,
null],
"Susceptibles":[0.99599999056039135,
0.99599949097531582,
0.99599237471690838,
0.99595700260571274,
0.99585783885276424,
0.99564174350592338,
0.99517450276076125,
0.99456138464289556,
0.99363077008392753,
0.9920658861354319,
0.99018357646191346,
0.98795612018857526,
0.98478304828904084,
0.97879895652099336,
0.97071484030640942,
0.96002727871980775,
0.946001282430913,
0.92777036417869552,
0.90436874275950652,
0.87480940475720936,
0.83822462610045034,
0.79407401810199973,
0.7423969250624689,
0.68404273304173413,
0.62077398698532282,
0.55514101102324787,
0.49010274244653812,
0.42849434031558342,
0.37253457360506015,
0.32354759006615469,
0.28195549762400429,
0.24747204896572975,
0.21937325997138338,
0.19674323469464111,
0.17864765979337033,
0.16399905622719579,
0.14792571913943262,
0.13536063108050725,
0.12670952131890309,
0.12072252408640123,
0.11674893549155681,
0.11403587448781087,
0.11206717139980542,
0.11063559448968499,
0.10959291196075828,
0.10883254614795508,
0.10825290957987303,
0.10765130815631799,
0.1072717189968304,
0.10706882839563418,
0.10696393152425178,
0.10689419948143672,
0.10684945640802887,
0.10682074488944206,
0.10680060723288941,
0.10678594260880725,
0.10677825900769525,
0.10677428399864157,
0.10677215766181662,
0.10677094050056528,
0.10677024376901204,
0.10676984494289861,
0.1067696166448913,
0.10676946767804028,
0.10676937318033007,
0.10676933779324227,
null,
null,
null,
null,
null,
null,
null,
null,
null,
null,
null,
null,
null,
null,
null,
null,
null,
null,
null,
null,
null,
null,
null,
null,
null,
null,
null,
null,
null,
null,
null,
null,
null,
null,
null],
"Infected":[0.0010000355749886509,
0.0010019141705807273,
0.0010279609937138348,
0.0011445014811547831,
0.0013996308001288766,
0.0017847812838967616,
0.0023139136173155289,
0.0027764339542871606,
0.0032892246652301252,
0.0039944327427179115,
0.0047564923136026076,
0.0056246500716553623,
0.0068440462678924846,
0.0091311770534540787,
0.012211946794318529,
0.016273855411091661,
0.021585616783305235,
0.028455614780099014,
0.037212337962917078,
0.048162484940448287,
0.061518914288593948,
0.0772958166753714,
0.095182448995279043,
0.11442992254743087,
0.13380950702805228,
0.15170544781462883,
0.16636828455651811,
0.17627760977583898,
0.18048896244614562,
0.17882781575385304,
0.17186335525883473,
0.16069857136564686,
0.14668096896873745,
0.13113908285626552,
0.11520535763841187,
0.099440364558841282,
0.0784571293015955,
0.058924579982613447,
0.043475287275437216,
0.031675066663267512,
0.023288791360441478,
0.017283946143159878,
0.012779103695855614,
0.0094223894557889289,
0.006933415673767057,
0.0050944147822707857,
0.0036785523855814546,
0.0021964198527013052,
0.0012546913245531821,
0.00074915916027126891,
0.00048716501689286245,
0.00031277698167804329,
0.00020078692072704685,
0.00012888393812825728,
7.8434077428709035E-5,
4.1686472332614156E-5,
2.2429122557585633E-5,
1.2465714490289009E-5,
7.1357770329239021E-6,
4.0847288602177892E-6,
2.3382124842389026E-6,
1.3384557481038968E-6,
7.6616738243883815E-7,
3.9274212831663997E-7,
1.5585794110928746E-7,
6.7150500153963647E-8,
null,
null,
null,
null,
null,
null,
null,
null,
null,
null,
null,
null,
null,
null,
null,
null,
null,
null,
null,
null,
null,
null,
null,
null,
null,
null,
null,
null,
null,
null,
null,
null,
null,
null,
null],
"Recovered":[3.7910074769572857E-9,
2.0442767068845298E-7,
3.062379158224128E-6,
1.7268461656652794E-5,
5.709733003847358E-5,
0.00014390581086723715,
0.00033166756905947625,
0.0005781821774560903,
0.00095266329312625067,
0.0015831432511030248,
0.0023428301461868857,
0.003243687023695293,
0.0045307458514381041,
0.0069692292182697135,
0.010287292349822032,
0.014716867436146322,
0.02060598544640441,
0.02839328875070446,
0.038617861011915132,
0.051919656412647015,
0.0690222655258615,
0.09068793178095505,
0.11763583623291994,
0.15042165428898294,
0.18929112858704772,
0.23404024936521148,
0.28392980790813815,
0.33769884209972606,
0.39369298739023539,
0.45008048288301261,
0.50509481834238745,
0.55723828074507453,
0.60540432758611573,
0.648911161203741,
0.68746547575384331,
0.72167585115780752,
0.7629836661420093,
0.79841707323901967,
0.82479180539775465,
0.844128498119148,
0.85750062633835278,
0.86690029578724059,
0.87386315123415714,
0.879004125078614,
0.88279088906555792,
0.88557530781517357,
0.88771129082169231,
0.889940298046988,
0.89135299752380726,
0.89211017000547221,
0.89250223800310768,
0.89276308524571146,
0.8929305471058101,
0.89303804449504731,
0.89311345871440628,
0.893168385444964,
0.89319716769367,
0.89321205864368225,
0.89322002444200432,
0.89322458431068619,
0.89322719451009824,
0.89322868865968519,
0.89322954395072307,
0.89323010203815023,
0.8932304560635006,
0.893230588637446,
null,
null,
null,
null,
null,
null,
null,
null,
null,
null,
null,
null,
null,
null,
null,
null,
null,
null,
null,
null,
null,
null,
null,
null,
null,
null,
null,
null,
null,
null,
null,
null,
null,
null,
null],
"Deaths":[3.7910074769572857E-9,
2.0442767068845298E-7,
3.062379158224128E-6,
1.7268461656652794E-5,
5.709733003847358E-5,
0.00014390581086723715,
0.00033166756905947625,
0.0005781821774560903,
0.00095266329312625067,
0.0015831432511030248,
0.0023428301461868857,
0.003243687023695293,
0.0045307458514381041,
0.0069692292182697135,
0.010287292349822032,
0.014716867436146322,
0.02060598544640441,
0.02839328875070446,
0.038617861011915132,
0.051919656412647015,
0.0690222655258615,
0.09068793178095505,
0.11763583623291994,
0.15042165428898294,
0.18929112858704772,
0.23404024936521148,
0.28392980790813815,
0.33769884209972606,
0.39369298739023539,
0.45008048288301261,
0.50509481834238745,
0.55723828074507453,
0.60540432758611573,
0.648911161203741,
0.68746547575384331,
0.72167585115780752,
0.7629836661420093,
0.79841707323901967,
0.82479180539775465,
0.844128498119148,
0.85750062633835278,
0.86690029578724059,
0.87386315123415714,
0.879004125078614,
0.88279088906555792,
0.88557530781517357,
0.88771129082169231,
0.889940298046988,
0.89135299752380726,
0.89211017000547221,
0.89250223800310768,
0.89276308524571146,
0.8929305471058101,
0.89303804449504731,
0.89311345871440628,
0.893168385444964,
0.89319716769367,
0.89321205864368225,
0.89322002444200432,
0.89322458431068619,
0.89322719451009824,
0.89322868865968519,
0.89322954395072307,
0.89323010203815023,
0.8932304560635006,
0.893230588637446,
null,
null,
null,
null,
null,
null,
null,
null,
null,
null,
null,
null,
null,
null,
null,
null,
null,
null,
null,
null,
null,
null,
null,
null,
null,
null,
null,
null,
null,
null,
null,
null,
null,
null,
null]}}