{
"model":"A_20",
"shock":"Low Initial Infections",
"data":{
"Consumption":[0,
0,
0,
0,
0,
0,
0,
0,
0,
0,
0,
0,
0,
0,
0,
0,
0,
0,
0,
0,
0,
0,
0,
0,
0,
0,
0,
0,
0,
0,
0,
0,
0,
0,
0,
0,
0,
0,
0,
0,
0,
0,
0,
0,
0,
0,
0,
0,
0,
0,
0,
0,
0,
0,
0,
0,
0,
0,
0,
0,
0,
0,
0,
0,
0,
0,
null,
null,
null,
null,
null,
null,
null,
null,
null,
null,
null,
null,
null,
null,
null,
null,
null,
null,
null,
null,
null,
null,
null,
null,
null,
null,
null,
null,
null,
null,
null,
null,
null,
null,
null],
"Labour":[0,
0,
0,
0,
0,
0,
0,
0,
0,
0,
0,
0,
0,
0,
0,
0,
0,
0,
0,
0,
0,
0,
0,
0,
0,
0,
0,
0,
0,
0,
0,
0,
0,
0,
0,
0,
0,
0,
0,
0,
0,
0,
0,
0,
0,
0,
0,
0,
0,
0,
0,
0,
0,
0,
0,
0,
0,
0,
0,
0,
0,
0,
0,
0,
0,
0,
null,
null,
null,
null,
null,
null,
null,
null,
null,
null,
null,
null,
null,
null,
null,
null,
null,
null,
null,
null,
null,
null,
null,
null,
null,
null,
null,
null,
null,
null,
null,
null,
null,
null,
null],
"Output":[0,
0,
0,
0,
0,
0,
0,
0,
0,
0,
0,
0,
0,
0,
0,
0,
0,
0,
0,
0,
0,
0,
0,
0,
0,
0,
0,
0,
0,
0,
0,
0,
0,
0,
0,
0,
0,
0,
0,
0,
0,
0,
0,
0,
0,
0,
0,
0,
0,
0,
0,
0,
0,
0,
0,
0,
0,
0,
0,
0,
0,
0,
0,
0,
0,
0,
null,
null,
null,
null,
null,
null,
null,
null,
null,
null,
null,
null,
null,
null,
null,
null,
null,
null,
null,
null,
null,
null,
null,
null,
null,
null,
null,
null,
null,
null,
null,
null,
null,
null,
null],
"Susceptibles":[0.99799999562993591,
0.99799980892744389,
0.99799716503503333,
0.99798424886496984,
0.99794923581627426,
0.99786144833050916,
0.99768065305891884,
0.99728061839032844,
0.9967282499953779,
0.99595195421321314,
0.99464370982591688,
0.9929952729546162,
0.99094205467465124,
0.98838971547503685,
0.985004681468494,
0.97810496803816471,
0.96762104090707257,
0.95267260235540718,
0.93163929362102493,
0.90259115927964906,
0.863493967579459,
0.81599930503480278,
0.76158705288643291,
0.70320392123129183,
0.63919458538245733,
0.57178792664175548,
0.50418120445299164,
0.43959372439055133,
0.38065333166741705,
0.329004582776153,
0.28524579541048478,
0.24913144084251609,
0.21988768975223189,
0.19650717239672147,
0.17795762848390359,
0.16329866583765917,
0.15172959069328659,
0.14244911976910293,
0.13236480118577404,
0.12472046625805548,
0.11942377663798932,
0.11582348241606417,
0.11343664561116122,
0.11170917099590838,
0.11045274337198173,
0.10932293086521418,
0.1084224262914394,
0.10792481930795646,
0.10763388415077671,
0.10744154699348225,
0.1073139331461315,
0.10722924400986002,
0.10717303304198654,
0.10712400174798013,
0.10709357835560925,
0.1070820867180986,
0.10707466926687979,
0.10707006714319448,
0.10706685123010462,
0.10706441156221938,
0.10706323009325891,
0.10706266114382308,
0.10706236078774357,
0.10706220222558224,
0.10706211851836865,
0.10706207060782504,
null,
null,
null,
null,
null,
null,
null,
null,
null,
null,
null,
null,
null,
null,
null,
null,
null,
null,
null,
null,
null,
null,
null,
null,
null,
null,
null,
null,
null,
null,
null,
null,
null,
null,
null],
"Infected":[0.000500016436659055,
0.00050071749058319182,
0.00051044665351151889,
0.000554332766305602,
0.00065238693540169992,
0.00082800060244983867,
0.0010648635074122683,
0.0013846502511295465,
0.001687703247453817,
0.00203000626961893,
0.0025539311868162432,
0.0031916098963172134,
0.0039790672806245533,
0.00495556719941511,
0.00624910171814541,
0.0088819272171857,
0.01287332368330968,
0.018544343118491329,
0.026480769676775078,
0.037349843053073373,
0.051786569159721588,
0.068974884964282862,
0.0880795879559065,
0.10768743974353689,
0.12779330099938008,
0.14684624411898103,
0.16292005334742771,
0.1742392078420559,
0.17960737931856716,
0.1786829265410656,
0.17199276230033367,
0.1607087695526741,
0.14631039063285806,
0.130268788975518,
0.11383370008312425,
0.097937973983475465,
0.083193017932627122,
0.0696987274201571,
0.053064039195910871,
0.038944735902644481,
0.028262880301229597,
0.020541583585447047,
0.015199646564688552,
0.011218125931777829,
0.0082594824809353751,
0.0055513602560668214,
0.0033626605471055253,
0.0021406138946235579,
0.0014218473456530029,
0.00094496938961103683,
0.00062781649218410685,
0.00041701172904496557,
0.00027694773388178476,
0.00015467664369051205,
7.8766930200216723E-5,
5.0084702454106449E-5,
3.1568636433943693E-5,
2.0079391415474158E-5,
1.2050359613811299E-5,
5.9591021626571208E-6,
3.0091813625487116E-6,
1.5885952439477046E-6,
8.3864375510630318E-7,
4.4273253924248843E-7,
2.3372501132064233E-7,
1.1409763722536824E-7,
null,
null,
null,
null,
null,
null,
null,
null,
null,
null,
null,
null,
null,
null,
null,
null,
null,
null,
null,
null,
null,
null,
null,
null,
null,
null,
null,
null,
null,
null,
null,
null,
null,
null,
null],
"Recovered":[1.7515287121023202E-9,
7.658219896719641E-8,
1.1362607658699055E-6,
6.3131376687086866E-6,
2.0346934888332735E-5,
5.5535917566217921E-5,
0.00012801630637493533,
0.00028843733739881066,
0.0005100505175425898,
0.00082172398094945,
0.001347509290990189,
0.0020110048794755551,
0.0028389728664253064,
0.0038706175627087887,
0.0052431096733055408,
0.008055802798401266,
0.012367810463040529,
0.018598413625713843,
0.027534492614867782,
0.0402162538633228,
0.057950431105837495,
0.080599007608499959,
0.10822803980400734,
0.14016721716889885,
0.17839337150871176,
0.22302601800183736,
0.27341262889207429,
0.32828767973979345,
0.38589292316342905,
0.44421633508024366,
0.5012792475510307,
0.55538705877712491,
0.60528493329342459,
0.65020434675249128,
0.689822532604637,
0.72417215721220951,
0.7535357761935485,
0.77877127100695365,
0.80815425099488269,
0.83191312831530284,
0.84925199321508038,
0.86148405095063563,
0.869808669123163,
0.87594459601721031,
0.88046772555198649,
0.88458074767182959,
0.88788795520730823,
0.889727543632077,
0.890807185124874,
0.89152256433047117,
0.8919979282032432,
0.89231371315566732,
0.8925234496365041,
0.89270648992410062,
0.89282010445790916,
0.89286302828619779,
0.89289073669184027,
0.89290792923688644,
0.89291994365099026,
0.89292905830331382,
0.89293347237369469,
0.89293559803639078,
0.89293672020709924,
0.892937312617971,
0.89293762536043686,
0.89293780436139114,
null,
null,
null,
null,
null,
null,
null,
null,
null,
null,
null,
null,
null,
null,
null,
null,
null,
null,
null,
null,
null,
null,
null,
null,
null,
null,
null,
null,
null,
null,
null,
null,
null,
null,
null],
"Deaths":[1.7515287121023202E-9,
7.658219896719641E-8,
1.1362607658699055E-6,
6.3131376687086866E-6,
2.0346934888332735E-5,
5.5535917566217921E-5,
0.00012801630637493533,
0.00028843733739881066,
0.0005100505175425898,
0.00082172398094945,
0.001347509290990189,
0.0020110048794755551,
0.0028389728664253064,
0.0038706175627087887,
0.0052431096733055408,
0.008055802798401266,
0.012367810463040529,
0.018598413625713843,
0.027534492614867782,
0.0402162538633228,
0.057950431105837495,
0.080599007608499959,
0.10822803980400734,
0.14016721716889885,
0.17839337150871176,
0.22302601800183736,
0.27341262889207429,
0.32828767973979345,
0.38589292316342905,
0.44421633508024366,
0.5012792475510307,
0.55538705877712491,
0.60528493329342459,
0.65020434675249128,
0.689822532604637,
0.72417215721220951,
0.7535357761935485,
0.77877127100695365,
0.80815425099488269,
0.83191312831530284,
0.84925199321508038,
0.86148405095063563,
0.869808669123163,
0.87594459601721031,
0.88046772555198649,
0.88458074767182959,
0.88788795520730823,
0.889727543632077,
0.890807185124874,
0.89152256433047117,
0.8919979282032432,
0.89231371315566732,
0.8925234496365041,
0.89270648992410062,
0.89282010445790916,
0.89286302828619779,
0.89289073669184027,
0.89290792923688644,
0.89291994365099026,
0.89292905830331382,
0.89293347237369469,
0.89293559803639078,
0.89293672020709924,
0.892937312617971,
0.89293762536043686,
0.89293780436139114,
null,
null,
null,
null,
null,
null,
null,
null,
null,
null,
null,
null,
null,
null,
null,
null,
null,
null,
null,
null,
null,
null,
null,
null,
null,
null,
null,
null,
null,
null,
null,
null,
null,
null,
null]}}